title,category,total_revenue,revenue_rank
"TELEGRAPH VOYAGE",Music,231.73,1
"WIFE TURN",Documentary,223.69,2
"ZORRO ARK",Comedy,214.69,3
"GOODFELLAS SALUTE",Sci-Fi,209.69,4
"SATURDAY LAMBS",Sports,204.72,5
"TITANS JERK",Sci-Fi,201.71,6
"TORQUE BOUND",Drama,198.72,7
"HARRY IDAHO",Drama,195.70,8
"INNOCENT USUAL",Foreign,191.74,9
"HUSTLER PARTY",Comedy,190.78,10
"PELICAN COMFORTS",Documentary,188.74,11
"CAT CONEHEADS",Comedy,181.70,12
"ENEMY ODDS",Music,180.71,13
"BUCKET BROTHERHOOD",Travel,180.66,14
"RANGE MOONWALKER",Family,179.73,15
"MASSACRE USUAL",Games,179.70,16
"VIDEOTAPE ARSENIC",Games,178.71,17
"DOGMA FAMILY",Animation,178.70,18
"APACHE DIVINE",Family,178.69,19
"VELVET TERMINATOR",Comedy,177.74,20
"DORADO NOTTING",Music,176.73,21
"FOOL MOCKINGBIRD",Action,175.77,22
"WITCHES PANIC",Drama,173.70,23
"CLOSER BANG",Comedy,172.72,24
"SCALAWAG DUCK",Music,172.68,25
"ROSES TREASURE",Sports,171.72,26
"SUNRISE LEAGUE",Animation,170.76,27
"SHOW LORD",Documentary,170.75,28
"NIGHTMARE CHILL",Games,169.75,29
"SCORPION APOLLO",Drama,168.77,30
"AMERICAN CIRCUS",Action,167.78,31
"CONFIDENTIAL INTERVIEW",Music,164.71,32
"MAIDEN HOME",New,163.76,33
"SEATTLE EXPECATIONS",Drama,163.75,34
"WORKING MICROCOSMOS",Travel,163.75,34
"BOOGIE AMELIE",Music,163.70,36
"STING PERSONAL",New,159.79,37
"LOLA AGENT",Horror,159.76,38
"BACKLASH UNDEFEATED",Children,158.81,39
"MIDSUMMER GROUNDHOG",Documentary,156.78,40
"TITANIC BOONDOCK",Animation,154.77,41
"STAGECOACH ARMAGEDDON",Action,154.74,42
"MINE TITANS",New,153.81,43
"PITY BOUND",Drama,153.74,44
"SECRETS PARADISE",Family,152.80,45
"EAGLES PANKY",New,152.78,46
"HEAD STRANGER",Games,152.78,46
"WHISPERER GIANT",Sci-Fi,151.78,48
"EASY GLADIATOR",Action,150.77,49
"MINDS TRUMAN",Action,149.80,50
"FELLOWSHIP AUTUMN",Travel,149.74,51
"WONDERLAND CHRISTMAS",Sci-Fi,148.78,52
"STREETCAR INTENTIONS",Horror,148.75,53
"KISSING DOLLS",Action,147.80,54
"SUIT WALLS",Games,147.79,55
"TRADING PINOCCHIO",Sports,147.75,56
"LIES TREATMENT",Drama,147.73,57
"ATTRACTION NEWTON",New,146.76,58
"FORRESTER COMANCHEROS",Animation,146.73,59
"MOVIE SHAKESPEARE",Family,145.74,60
"TRIP NEWTON",Action,145.72,61
"GARDEN ISLAND",Sci-Fi,144.80,62
"DURHAM PANKY",Sports,144.74,63
"PRINCESS GIANT",Documentary,142.74,64
"CALENDAR GUNFIGHT",Foreign,141.79,65
"MOONSHINE CABIN",Games,141.79,65
"TOURIST PELICAN",Sports,141.78,67
"STEEL SANTA",Classics,141.77,68
"DRIFTER COMMANDMENTS",Action,141.76,69
"CHANCE RESURRECTION",Sports,141.73,70
"FLAMINGOS CONNECTICUT",New,139.77,71
"FIDELITY DEVIL",Horror,138.79,72
"CENTER DINOSAUR",Classics,137.76,73
"COMA HEAD",Travel,137.74,74
"QUEEN LUKE",Drama,136.78,75
"NAME DETECTIVE",Games,136.77,76
"CONEHEADS SMOOCHY",Drama,136.75,77
"GLEAMING JAWBREAKER",Sports,136.70,78
"PULP BEVERLY",Horror,136.70,78
"YENTL IDAHO",Horror,135.77,80
"FLINTSTONES HAPPINESS",Comedy,134.83,81
"WHALE BIKINI",Foreign,134.82,82
"HUNCHBACK IMPOSSIBLE",Drama,134.80,83
"DETAILS PACKER",Games,133.81,84
"PINOCCHIO SIMON",Comedy,133.80,85
"SUSPECTS QUILLS",Action,133.70,86
"NETWORK PEAK",Family,133.69,87
"HEARTBREAKERS BRIGHT",Children,132.80,88
"BEAUTY GREASE",Drama,132.78,89
"KISS GLORY",Foreign,132.78,89
"LIAISONS SWEET",Travel,131.78,91
"ALADDIN CALENDAR",Sports,131.77,92
"SLEEPING SUSPECTS",Horror,131.76,93
"METROPOLIS COMA",Sci-Fi,131.74,94
"BINGO TALENTED",Sci-Fi,131.71,95
"ROAD ROXANNE",Documentary,130.81,96
"MILLION ACE",Classics,130.80,97
"RIDGEMONT SUBMARINE",New,130.68,98
"SATISFACTION CONFIDENTIAL",Sports,129.83,99
"HEAVYWEIGHTS BEAST",Documentary,129.77,100
"DAWN POND",Games,128.82,101
"INTERVIEW LIAISONS",New,128.80,102
"CAUSE DATE",Documentary,128.79,103
"CANDLES GRAPES",Games,128.77,104
"FORWARD TEMPLE",Games,128.68,105
"TEEN APOLLO",Travel,127.83,106
"SOMETHING DUCK",Drama,127.81,107
"SNATCH SLIPPER",Comedy,127.78,108
"FALCON VOLUME",Animation,127.77,109
"TRAP GUYS",Foreign,126.84,110
"MISSION ZOOLANDER",Animation,126.82,111
"AGENT TRUMAN",Foreign,126.79,112
"SABRINA MIDNIGHT",Children,126.79,112
"FREDDY STORM",Horror,126.77,114
"STRANGERS GRAFFITI",Horror,123.83,115
"DOORS PRESIDENT",Animation,123.81,116
"MALTESE HOPE",Games,123.78,117
"BUTTERFLY CHOCOLAT",New,123.70,118
"TIMBERLAND SKY",Classics,123.69,119
"WATERFRONT DELIVERANCE",Action,121.83,120
"SLEEPLESS MONSOON",Animation,121.80,121
"TRUMAN CRAZY",Action,121.77,122
"SCARFACE BANG",Children,120.82,123
"HIGH ENCINO",Horror,120.78,124
"RAGE GAMES",Family,119.81,125
"GHOST GROUNDHOG",Children,119.79,126
"ANGELS LIFE",New,119.78,127
"WASH HEAVENLY",Foreign,119.77,128
"LADY STAGE",Horror,118.83,129
"DESERT POSEIDON",Horror,118.81,130
"PHILADELPHIA WIFE",Sports,118.78,131
"VIRTUAL SPOILERS",Family,117.86,132
"THIEF PELICAN",Animation,117.81,133
"BROOKLYN DESERT",Foreign,116.79,134
"SECRET GROUNDHOG",Documentary,116.79,134
"KNOCK WARLOCK",Comedy,116.76,136
"HANKY OCTOBER",Sci-Fi,116.74,137
"ROCKETEER MOTHER",Foreign,116.67,138
"GALAXY SWEETHEARTS",Classics,115.82,139
"PREJUDICE OLEANDER",Classics,115.80,140
"SPICE SORORITY",Drama,115.80,140
"BEVERLY OUTLAW",Sci-Fi,115.79,142
"DRIVING POLISH",Music,115.79,142
"CONVERSATION DOWNHILL",Family,114.83,144
"UNDEFEATED DALMATIONS",Horror,114.79,145
"ARACHNOPHOBIA ROLLERCOASTER",Horror,114.76,146
"IDOLS SNATCHERS",Children,114.70,147
"HANGING DEEP",Drama,113.81,148
"REDEMPTION COMFORTS",New,113.80,149
"OPEN AFRICAN",Sci-Fi,113.79,150
"STRICTLY SCARFACE",Comedy,113.77,151
"SECRETARY ROUGE",Sports,112.82,152
"HORN WORKING",Animation,112.76,153
"CLUELESS BUCKET",Action,112.75,154
"GANGS PRIDE",Animation,112.73,155
"BIRDS PERDITION",New,111.82,156
"SWEDEN SHINING",Comedy,111.81,157
"MONEY HAROLD",New,111.80,158
"FARGO GANDHI",Children,111.76,159
"PANKY SUBMARINE",Games,110.85,160
"DUDE BLINDNESS",Sports,110.84,161
"EXPECATIONS NATURAL",Travel,110.82,162
"CHASING FIGHT",Family,110.81,163
"REQUIEM TYCOON",Classics,110.81,163
"REIGN GENTLEMEN",Sci-Fi,110.80,165
"TOMORROW HUSTLER",Classics,110.75,166
"GRIT CLOCKWORK",Games,110.68,167
"DAY UNFAITHFUL",New,109.86,168
"BREAKFAST GOLDFINGER",New,109.83,169
"SHAWSHANK BUBBLE",Travel,109.81,170
"JET NEIGHBORS",Foreign,109.80,171
"GREATEST NORTH",Music,109.71,172
"FISH OPUS",Sci-Fi,108.75,173
"SAMURAI LION",New,108.75,173
"COMMAND DARLING",Foreign,107.84,175
"ROCKY WAR",Drama,107.84,175
"JERK PAYCHECK",Classics,107.80,177
"BEAR GRACELAND",Children,107.78,178
"SOUTH WAIT",Action,107.78,178
"FATAL HAUNTED",New,107.72,180
"CUPBOARD SINNERS",Documentary,106.77,181
"SALUTE APOLLO",New,106.77,181
"GIANT TROOPERS",Children,106.72,183
"LEAGUE HELLFIGHTERS",Classics,105.83,184
"SUGAR WONKA",Animation,105.83,184
"GORGEOUS BINGO",Children,105.81,186
"PEAK FOREVER",Sports,105.80,187
"EGG IGBY",Documentary,105.79,188
"ROBBERS JOON",Children,105.69,189
"WEST LION",Drama,104.84,190
"STEPMOM DREAM",Foreign,104.80,191
"ARIZONA BANG",Classics,104.79,192
"HYDE DOCTOR",Classics,104.73,193
"TYCOON GATHERING",Games,103.88,194
"CORE SUIT",Classics,103.82,195
"DRAGONFLY STRANGERS",New,103.82,195
"METAL ARMAGEDDON",Documentary,103.75,197
"INVASION CYCLONE",Children,103.73,198
"ENGLISH BULWORTH",Sci-Fi,103.70,199
"BILKO ANONYMOUS",Family,102.87,200
"CONFUSED CANDLES",Family,102.83,201
"FRENCH HOLIDAY",Documentary,102.83,201
"AIRPORT POLLOCK",Horror,102.82,203
"GROUNDHOG UNCUT",Comedy,102.82,203
"PATTON INTERVIEW",Horror,102.77,205
"ATTACKS HATE",Sci-Fi,101.84,206
"PAYCHECK WAIT",Drama,101.84,206
"RULES HUMAN",Horror,101.84,206
"BROTHERHOOD BLANKET",Documentary,101.74,209
"CAMELOT VACATION",Sci-Fi,101.73,210
"BEHAVIOR RUNAWAY",Horror,100.87,211
"QUILLS BULL",Documentary,100.84,212
"POSEIDON FOREVER",Sports,100.83,213
"ICE CROSSING",Games,100.76,214
"JASON TRAP",Family,100.76,214
"CONQUERER NUTS",Drama,99.84,216
"MERMAID INSECTS",Sports,99.84,216
"IGBY MAKER",Travel,99.81,218
"SHOCK CABIN",Foreign,99.70,219
"HALL CASSIDY",Children,98.84,220
"PICKUP DRIVING",Sports,98.84,220
"BIKINI BORROWERS",Animation,98.83,222
"HANOVER GALAXY",Music,98.83,222
"JERICHO MULAN",Games,98.83,222
"BALLOON HOMEWARD",Music,98.77,225
"SWEETHEARTS SUSPECTS",Children,98.71,226
"MARRIED GO",Sci-Fi,98.70,227
"WIZARD COLDBLOODED",Music,97.84,228
"HELLFIGHTERS SIERRA",Foreign,97.80,229
"SEA VIRGIN",Drama,97.78,230
"EXPENDABLE STALLION",Documentary,97.72,231
"DESTINY SATURDAY",New,96.84,232
"CANDIDATE PERDITION",Classics,96.81,233
"VACATION BOONDOCK",Sci-Fi,96.79,234
"BARBARELLA STREETCAR",Sci-Fi,96.75,235
"DEER VIRGINIAN",Music,96.72,236
"JUGGLER HARDLY",Animation,96.68,237
"DAISY MENAGERIE",Sci-Fi,95.84,238
"INCH JET",Animation,95.82,239
"OZ LIAISONS",Animation,95.76,240
"SEABISCUIT PUNK",Sports,95.74,241
"MUSCLE BRIGHT",Travel,95.70,242
"GOLD RIVER",Comedy,94.86,243
"SPY MILE",Games,94.73,244
"MODEL FISH",Children,93.85,245
"DYING MAKER",Comedy,93.83,246
"VIRGIN DAISY",Drama,93.83,246
"DARN FORRESTER",Action,93.82,248
"COLOR PHILADELPHIA",Classics,93.76,249
"WARDROBE PHANTOM",Drama,93.73,250
"BRIGHT ENCOUNTERS",Drama,92.87,251
"FLASH WARS",New,92.87,251
"EDGE KISSING",Drama,92.85,253
"PURE RUNNER",Comedy,92.84,254
"MUSKETEERS WAIT",Classics,92.83,255
"SLEEPY JAPANESE",New,92.80,256
"SILVERADO GOLDFINGER",Sci-Fi,91.88,257
"BETRAYED REAR",Children,91.85,258
"SAGEBRUSH CLUELESS",Documentary,91.84,259
"SLACKER LIAISONS",Drama,91.83,260
"AFFAIR PREJUDICE",Horror,91.77,261
"HALF OUTFIELD",Family,91.75,262
"TELEMARK HEARTBREAKERS",Animation,91.75,262
"BLACKOUT PRIVATE",Animation,91.73,264
"CONNECTICUT TRAMP",Sci-Fi,90.87,265
"CAMPUS REMEMBER",Action,90.81,266
"BASIC EASY",Travel,90.79,267
"ALIEN CENTER",Foreign,90.78,268
"FLATLINERS KILLER",Sports,90.78,268
"ELEPHANT TROJAN",Horror,89.86,270
"CHICAGO NORTH",Games,89.84,271
"COLDBLOODED DARLING",Sci-Fi,89.84,271
"DISTURBING SCARFACE",Sci-Fi,89.74,273
"PITTSBURGH HUNCHBACK",Family,88.88,274
"MEMENTO ZOOLANDER",Comedy,88.87,275
"MOONWALKER FOOL",Games,88.87,275
"LOSER HUSTLER",Sports,88.85,277
"PANTHER REDS",Sci-Fi,88.85,277
"SUBMARINE BED",Comedy,88.85,277
"PLUTO OLEANDER",New,88.84,280
"RUSH GOODFELLAS",Family,88.69,281
"CINCINATTI WHISPERER",Sci-Fi,87.87,282
"HYSTERICAL GRAIL",Sports,87.85,283
"FORREST SONS",Action,87.82,284
"VANISHING ROCKY",Music,87.82,284
"NORTHWEST POLISH",Sports,87.80,286
"ATLANTIS CAUSE",Family,87.76,287
"HORROR REIGN",Travel,87.73,288
"OPERATION OPERATION",Comedy,87.73,288
"SUPER WYOMING",Family,86.87,290
"JEEPERS WEDDING",Classics,86.84,291
"LAWLESS VISION",Animation,86.84,291
"WANDA CHAMBER",Games,86.84,291
"JEKYLL FROGMEN",New,86.83,294
"STAR OPERATION",Sports,86.79,295
"STRANGELOVE DESIRE",Children,86.76,296
"CHAMPION FLATLINERS",Animation,85.87,297
"ANTHEM LUKE",Comedy,85.85,298
"STEERS ARMAGEDDON",Sports,85.85,298
"HURRICANE AFFAIR",Comedy,85.76,300
"CLASH FREDDY",Animation,85.75,301
"CONTACT ANONYMOUS",Travel,85.74,302
"ISLAND EXORCIST",Classics,85.74,302
"TRACY CIDER",Animation,85.74,302
"AUTUMN CROW",Games,84.89,305
"RAGING AIRPLANE",Sci-Fi,84.87,306
"PEACH INNOCENT",Sports,84.85,307
"COMFORTS RUSH",Travel,84.83,308
"BLUES INSTINCT",Family,84.79,309
"MURDER ANTITRUST",Children,84.77,310
"DOWNHILL ENOUGH",Comedy,84.75,311
"MALKOVICH PET",Classics,84.74,312
"NONE SPIKING",Sci-Fi,84.73,313
"CALIFORNIA BIRDS",Sports,83.88,314
"DEVIL DESIRE",Action,83.85,315
"CAROL TEXAS",Animation,83.82,316
"EYES DRIVING",Sci-Fi,83.81,317
"FLYING HOOK",Animation,83.80,318
"WAIT CIDER",Animation,83.79,319
"OSCAR GOLD",Animation,83.75,320
"DARKO DORADO",Action,82.89,321
"CREEPERS KANE",Classics,82.86,322
"AIRPLANE SIERRA",Comedy,82.85,323
"HOLIDAY GAMES",Foreign,82.85,323
"CASABLANCA SUPER",Travel,82.84,325
"WORDS HUNTER",Music,82.84,325
"NATIONAL STORY",Documentary,82.81,327
"UNBREAKABLE KARATE",New,82.79,328
"SHAKESPEARE SADDLE",Sports,82.78,329
"PATHS CONTROL",Drama,81.90,330
"SWEET BROTHERHOOD",Travel,81.85,331
"TROJAN TOMORROW",Sci-Fi,81.80,332
"DREAM PICKUP",Action,81.78,333
"GENTLEMEN STAGE",Foreign,81.77,334
"GOLDFINGER SENSIBILITY",Drama,81.76,335
"WEDDING APOLLO",Documentary,81.76,335
"LOSE INCH",Foreign,81.73,337
"GRAFFITI LOVE",Sci-Fi,81.70,338
"HOBBIT ALIEN",Drama,81.69,339
"TIES HUNGER",Children,80.89,340
"DEEP CRUSADE",Documentary,80.86,341
"CHARADE DUFFEL",Sci-Fi,80.85,342
"HUMAN GRAFFITI",Games,80.85,342
"IDAHO LOVE",New,80.83,344
"ORIENT CLOSER",Drama,80.83,344
"ESCAPE METROPOLIS",Travel,80.75,346
"VAMPIRE WHALE",New,79.88,347
"HOME PITY",Music,79.86,348
"BAKED CLEOPATRA",Family,79.84,349
"SONS INTERVIEW",Animation,79.84,349
"FERRIS MOTHER",Comedy,79.83,351
"PARADISE SABRINA",Comedy,79.82,352
"TROUBLE DATE",Travel,79.78,353
"OTHERS SOUP",Travel,79.77,354
"JUMPING WRATH",Children,79.76,355
"WEREWOLF LOLA",Action,78.86,356
"INTENTIONS EMPIRE",Animation,78.83,357
"BERETS AGENT",Action,78.78,358
"BOILED DARES",Travel,77.85,359
"LONELY ELEPHANT",Comedy,77.85,359
"JACKET FRISCO",Drama,77.82,361
"HARPER DYING",Animation,77.80,362
"QUEST MUSSOLINI",Action,77.80,362
"CROSSROADS CASUALTIES",Animation,77.79,364
"MALLRATS UNITED",Comedy,77.75,365
"BEAST HUNCHBACK",Classics,76.89,366
"TUXEDO MILE",Sports,76.87,367
"BLINDNESS GUN",Sci-Fi,76.86,368
"GRINCH MASSAGE",Games,76.86,368
"IMAGE PRINCESS",Sports,76.86,368
"MADISON TRAP",Documentary,76.85,371
"BADMAN DAWN",Sci-Fi,76.79,372
"FROST HEAD",Classics,76.70,373
"STRANGER STRANGERS",Children,75.89,374
"LIBERTY MAGNIFICENT",Sports,75.88,375
"DADDY PITTSBURGH",Comedy,75.87,376
"CONFESSIONS MAGUIRE",Drama,75.86,377
"HOLES BRANNIGAN",Sports,75.86,377
"SEARCHERS WAIT",Comedy,75.86,377
"HOPE TOOTSIE",Classics,75.82,380
"BIRCH ANTITRUST",Music,74.89,381
"BRANNIGAN SUNRISE",New,74.88,382
"IMPOSSIBLE PREJUDICE",Foreign,74.86,383
"LUST LOCK",Action,74.82,384
"WEEKEND PERSONAL",Sci-Fi,74.82,384
"HOMICIDE PEACH",Family,74.78,386
"HOUSE DYNAMITE",Family,74.77,387
"DOUBLE WRATH",Animation,74.75,388
"THIN SAGEBRUSH",Documentary,73.89,389
"CHISUM BEHAVIOR",Family,73.87,390
"OUTLAW HANKY",Travel,73.86,391
"WORST BANGER",Action,73.84,392
"ZOOLANDER FICTION",Children,73.83,393
"REMEMBER DIARY",Family,73.82,394
"FANTASIA PARK",Games,73.81,395
"INSIDER ARIZONA",Music,73.80,396
"DOOM DANCING",Comedy,73.79,397
"SINNERS ATLANTIS",Horror,73.78,398
"MADNESS ATTACKS",Foreign,73.75,399
"CASUALTIES ENCINO",Action,72.91,400
"PAST SUICIDES",Foreign,72.87,401
"WYOMING STORM",New,72.87,401
"GAMES BOWFINGER",Travel,72.86,403
"EGYPT TENENBAUMS",Horror,72.83,404
"POTTER CONNECTICUT",Animation,72.83,404
"INSTINCT AIRPORT",Sports,72.82,406
"NEIGHBORS CHARADE",Sports,72.81,407
"LEBOWSKI SOLDIERS",Drama,72.79,408
"SNOWMAN ROLLERCOASTER",Animation,72.77,409
"HILLS NEIGHBORS",Action,72.75,410
"CARIBBEAN LIBERTY",Sports,71.91,411
"ALABAMA DEVIL",Horror,71.88,412
"BRINGING HYSTERICAL",Comedy,71.80,413
"CHARIOTS CONSPIRACY",Sci-Fi,71.79,414
"SWARM GOLD",Horror,71.73,415
"TEMPLE ATTRACTION",Horror,70.88,416
"JINGLE SAGEBRUSH",Classics,70.87,417
"SATURN NAME",Comedy,70.87,417
"USUAL UNTOUCHABLES",Foreign,70.87,417
"TURN STAR",Animation,70.86,420
"DINOSAUR SECRETARY",Family,70.80,421
"AMISTAD MIDSUMMER",New,70.79,422
"FAMILY SWEET",Horror,70.70,423
"RUGRATS SHAKESPEARE",Action,70.70,423
"DAUGHTER MADIGAN",Children,69.91,425
"MOTHER OLEANDER",Sports,69.86,426
"ARTIST COLDBLOODED",Sports,69.84,427
"DRIVER ANNIE",Sports,69.82,428
"POLLOCK DELIVERANCE",Foreign,69.81,429
"FLIGHT LIES",Sports,68.88,430
"GUNFIGHTER MUSSOLINI",Sports,68.88,430
"NOON PAPI",Children,68.83,432
"HONEY TIES",Sports,68.81,433
"CHICKEN HELLFIGHTERS",Documentary,68.78,434
"DETECTIVE VISION",Classics,68.73,435
"AMELIE HELLFIGHTERS",Music,67.90,436
"BILL OTHERS",Documentary,67.81,437
"DIVIDE MONSTER",Sci-Fi,67.79,438
"EXCITEMENT EVE",Action,67.79,438
"ORANGE GRAPES",Foreign,67.76,440
"KING EVOLUTION",Family,66.91,441
"TWISTED PIRATES",Children,66.89,442
"DANGEROUS UPTOWN",Foreign,66.88,443
"OPPOSITE NECKLACE",Family,66.87,444
"BAREFOOT MANCHURIAN",Action,66.82,445
"WONKA SEA",Animation,66.82,445
"NORTH TEQUILA",Documentary,65.89,447
"OPUS ICE",Foreign,65.89,447
"CHAMBER ITALIAN",Music,65.88,449
"MEET CHOCOLATE",Foreign,65.88,449
"WAR NOTTING",Foreign,65.88,449
"LOVELY JINGLE",Classics,65.86,452
"CLONES PINOCCHIO",Music,65.81,453
"FIDDLER LOST",Sci-Fi,64.90,454
"LOST BIRD",Foreign,64.88,455
"DIVINE RESURRECTION",Games,64.85,456
"MANCHURIAN CURTAIN",Family,64.85,456
"NASH CHOCOLAT",Animation,64.85,456
"BEACH HEARTBREAKERS",Documentary,64.83,459
"POND SEATTLE",Animation,64.81,460
"GILMORE BOILED",Classics,64.72,461
"BIRD INDEPENDENCE",Travel,63.89,462
"OCTOBER SUBMARINE",Classics,63.89,462
"JAWS HARRY",Comedy,63.86,464
"MASK PEACH",New,63.83,465
"BOULEVARD MOB",New,63.82,466
"FURY MURDER",Children,63.81,467
"LOATHING LEGALLY",Classics,63.73,468
"HANDICAP BOONDOCK",Action,63.72,469
"LOVER TRUMAN",Classics,62.90,470
"GASLIGHT CRUSADE",Horror,62.84,471
"REAP UNFAITHFUL",Horror,62.84,471
"ALONE TRIP",Music,62.82,473
"JADE BUNCH",Sports,62.82,473
"CIDER DESIRE",Documentary,62.81,475
"EARRING INSTINCT",Family,62.81,475
"WRONG BEHAVIOR",Children,62.80,477
"PACIFIC AMISTAD",Documentary,62.76,478
"DYNAMITE TARZAN",Classics,62.75,479
"MOD SECRETARY",Documentary,61.89,480
"STATE WASTELAND",Games,61.88,481
"KICK SAVANNAH",Travel,61.80,482
"PARK CITIZEN",Action,60.92,483
"SPARTACUS CHEAPER",Family,60.91,484
"CIRCUS YOUTH",Children,60.85,485
"UPRISING UPTOWN",Action,60.84,486
"ANACONDA CONFESSIONS",Animation,60.79,487
"FIREBALL PHILADELPHIA",Comedy,60.79,487
"PACKER MADIGAN",Animation,60.78,489
"TIGHTS DAWN",Sports,60.74,490
"MADIGAN DORADO",Travel,59.90,491
"BORN SPINAL",Travel,59.88,492
"MASSAGE IMAGE",Animation,59.88,492
"WINDOW SIDE",Travel,59.88,492
"IDENTITY LOVER",Sci-Fi,59.87,495
"NEMO CAMPUS",Sci-Fi,59.86,496
"OUTFIELD MASSACRE",Music,59.80,497
"ANNIE IDENTITY",Sci-Fi,59.78,498
"FIGHT JAWBREAKER",Animation,59.78,498
"MOCKINGBIRD HOLLYWOOD",Action,59.76,500
"SMILE EARRING",Travel,58.90,501
"TRAINSPOTTING STRANGERS",Comedy,58.89,502
"VALLEY PACKER",Comedy,58.85,503
"MUMMY CREATURES",Sports,58.84,504
"WILLOW TRACY",Family,58.84,504
"HEAVEN FREEDOM",Comedy,58.82,506
"FICTION CHRISTMAS",Foreign,58.81,507
"DALMATIONS SWEDEN",Drama,58.80,508
"KARATE MOON",Horror,58.77,509
"GUYS FALCON",Sci-Fi,57.91,510
"DOUBTFIRE LABYRINTH",Foreign,57.90,511
"LAMBS CINCINATTI",Games,57.90,511
"SIERRA DIVIDE",Sports,57.85,513
"PILOT HOOSIERS",Family,57.84,514
"PERFECT GROOVE",Comedy,57.83,515
"ENOUGH RAGING",Travel,57.82,516
"RACER EGG",Drama,57.82,516
"GABLES METROPOLIS",Family,57.81,518
"RIVER OUTLAW",Sports,57.81,518
"STRAIGHT HOURS",Sports,57.80,520
"ELEMENT FREDDY",Comedy,56.90,521
"BOWFINGER GABLES",Horror,56.89,522
"FUGITIVE MAGUIRE",Travel,56.89,522
"CREATURES SHAKESPEARE",Games,56.84,524
"GRAPES FURY",Foreign,56.77,525
"WONDERFUL DROP",Foreign,55.91,526
"BUGSY SONG",Foreign,55.89,527
"IRON MOON",Classics,55.89,527
"PURPLE MOVIE",Foreign,55.87,529
"ANALYZE HOOSIERS",Horror,55.86,530
"SHANE DARKNESS",Travel,55.86,530
"DIRTY ACE",Games,55.85,532
"PATRIOT ROMAN",Action,55.84,533
"GREEK EVERYONE",Foreign,55.83,534
"UNITED PILOT",Documentary,55.83,534
"GUNFIGHT MOON",Comedy,55.76,536
"SLUMS DUCK",Family,55.76,536
"DANCING FEVER",Documentary,55.73,538
"MAGNIFICENT CHITTY",Classics,54.92,539
"ALI FOREVER",Horror,54.91,540
"MONSOON CAUSE",Games,54.91,540
"GO PURPLE",Music,54.80,542
"FRISCO FORREST",Sci-Fi,53.91,543
"NUTS TIES",New,53.91,543
"HUNTING MUSKETEERS",Family,53.85,545
"SCISSORHANDS SLUMS",Foreign,53.85,545
"ROUGE SQUAD",Games,53.82,547
"REUNION WITCHES",Drama,53.80,548
"SLEUTH ORIENT",Games,53.79,549
"EFFECT GLADIATOR",Family,53.75,550
"SUN CONFESSIONS",Sci-Fi,53.75,550
"ACE GOLDFINGER",Horror,52.93,552
"CASPER DRAGONFLY",Children,52.92,553
"REDS POCUS",Music,52.91,554
"VANILLA DAY",Games,52.91,554
"GRAIL FRANKENSTEIN",Action,52.90,556
"RIGHT CRANES",Classics,52.90,556
"SENSIBILITY REAR",Family,52.90,556
"EXORCIST STING",Sports,52.87,559
"ALLEY EVOLUTION",Foreign,52.86,560
"MADRE GABLES",Games,52.86,560
"SHRUNK DIVINE",Action,52.86,560
"GRADUATE LORD",Children,52.84,563
"FREAKY POCUS",Music,52.83,564
"NOVOCAINE FLIGHT",Sports,52.81,565
"CHOCOLAT HARRY",Family,52.80,566
"HAUNTING PIANIST",Games,52.78,567
"ISHTAR ROCKETEER",Animation,51.93,568
"PANIC CLUB",Horror,51.93,568
"ELIZABETH SHANE",Sports,51.90,570
"AFRICAN EGG",Family,51.88,571
"BREAKING HOME",New,51.87,572
"MONSTER SPARTACUS",Music,51.85,573
"CADDYSHACK JEDI",Action,51.84,574
"MOULIN WAKE",Travel,51.84,574
"PIRATES ROXANNE",Sports,51.78,576
"VIRGINIAN PLUTO",Documentary,51.71,577
"CLERKS ANGELS",Documentary,50.93,578
"WORKER TARZAN",Travel,50.85,579
"INDIAN LOVE",Family,50.84,580
"LOCK REAR",Travel,50.84,580
"KWAI HOMEWARD",Drama,50.77,582
"BOUND CHEAPER",Classics,50.76,583
"DARLING BREAKING",Games,49.91,584
"INTOLERABLE INTENTIONS",Documentary,49.91,584
"SPEED SUIT",Travel,49.91,584
"HOLLOW JEOPARDY",Sci-Fi,49.90,587
"POTLUCK MIXED",Animation,49.89,588
"EXPRESS LONELY",Sci-Fi,49.87,589
"PERSONAL LADYBUGS",Music,49.86,590
"TOWN ARK",Foreign,49.86,590
"MODERN DORADO",Documentary,49.85,592
"WASTELAND DIVINE",Classics,49.85,592
"HOURS RAGE",New,49.81,594
"GOSFORD DONNIE",Action,48.92,595
"DROP WATERFRONT",Sports,48.91,596
"LOLITA WORLD",Family,48.90,597
"RIDER CADDYSHACK",Sports,48.89,598
"DARKNESS WAR",Drama,48.87,599
"CYCLONE FAMILY",Foreign,48.86,600
"HAMLET WISDOM",Sci-Fi,48.86,600
"VARSITY TRIP",New,48.84,602
"ROCK INSTINCT",Horror,48.83,603
"GOLDMINE TYCOON",Sci-Fi,48.73,604
"VOYAGE LEGALLY",Classics,48.72,605
"SENSE GREEK",Sports,47.93,606
"CRUSADE HONEY",Sports,47.92,607
"KRAMER CHOCOLATE",Sports,47.91,608
"ENTRAPMENT SATISFACTION",Action,47.85,609
"LABYRINTH LEAGUE",Children,47.85,609
"SHIP WONDERLAND",Documentary,47.85,609
"NEWTON LABYRINTH",Foreign,47.83,612
"TRAMP OTHERS",Comedy,47.80,613
"GROSSE WONDERFUL",Music,46.92,614
"PUNK DIVORCE",Animation,46.92,614
"ANYTHING SAVANNAH",Horror,46.91,616
"HOTEL HAPPINESS",Foreign,46.91,616
"LEGALLY SECRETARY",Children,46.91,616
"STAGE WORLD",Comedy,46.90,619
"MICROCOSMOS PARADISE",Children,46.87,620
"PARIS WEEKEND",Horror,46.86,621
"TROOPERS METAL",New,46.86,621
"SHREK LICENSE",Foreign,46.85,623
"STORM HAPPINESS",Animation,46.71,624
"BABY HALL",Foreign,45.92,625
"MATRIX SNOWMAN",Foreign,45.91,626
"PLATOON INSTINCT",New,45.91,626
"ROLLERCOASTER BRINGING",Horror,45.90,628
"SPEAKEASY DATE",Action,45.88,629
"DATE SPEED",Family,45.87,630
"STOCK GLASS",New,45.86,631
"UNCUT SUICIDES",Music,45.86,631
"MIDNIGHT WESTWARD",Action,45.83,633
"ARMAGEDDON LOST",Sci-Fi,45.79,634
"FANTASY TROOPERS",Action,45.74,635
"MIRACLE VIRTUAL",Animation,44.91,636
"LIFE TWISTED",Comedy,44.90,637
"RUN PACIFIC",New,44.90,637
"PARTY KNOCK",Comedy,44.87,639
"CLUB GRAFFITI",Animation,44.80,640
"WOMEN DORADO",Action,44.78,641
"ALASKA PHANTOM",Music,44.74,642
"RECORDS ZORRO",Sports,43.92,643
"FOREVER CANDIDATE",Children,43.87,644
"LUCKY FLYING",Music,43.87,644
"GLASS DYING",Action,43.86,646
"SHANGHAI TYCOON",Travel,43.86,646
"NECKLACE OUTBREAK",Drama,43.85,648
"MAJESTIC FLOATS",Documentary,43.83,649
"POCUS PULP",Documentary,43.74,650
"WARS PLUTO",Documentary,42.90,651
"CRANES RESERVOIR",Sports,42.89,652
"LORD ARIZONA",Action,42.89,652
"PRIX UNDEFEATED",Family,42.89,652
"SADDLE ANTITRUST",Comedy,42.86,655
"ROOTS REMEMBER",Classics,42.83,656
"COAST RAINBOW",Documentary,42.79,657
"MOURNING PURPLE",Sci-Fi,42.79,657
"BANGER PINOCCHIO",Music,42.78,659
"EARLY HOME",Animation,41.93,660
"HEAVENLY GUN",Music,41.93,660
"HOOSIERS BIRDCAGE",Foreign,41.92,662
"SOLDIERS EVOLUTION",Sci-Fi,41.92,662
"FEATHERS METAL",Games,41.89,664
"MILE MULAN",Sports,41.87,665
"SPIKING ELEMENT",Classics,41.87,665
"ARMY FLINTSTONES",Documentary,41.84,667
"GROOVE FICTION",Sports,41.82,668
"DISCIPLE MOTHER",Travel,41.81,669
"SUNDANCE INVASION",Children,41.81,669
"CROOKED FROGMEN",Children,41.77,671
"CLUE GRAIL",Music,40.93,672
"EVE RESURRECTION",New,40.93,672
"PRESIDENT BANG",Family,40.93,672
"TARZAN VIDEOTAPE",Horror,40.92,675
"FRIDA SLIPPER",Foreign,40.90,676
"BLANKET BEVERLY",Family,40.88,677
"CABIN FLASH",Children,40.85,678
"SPLENDOR PATTON",Children,40.79,679
"JERSEY SASSY",Children,39.94,680
"TERMINATOR CLUB",Music,39.94,680
"ELF MURDER",Music,39.93,682
"FIRE WOLVES",Games,39.93,682
"STONE FIRE",Travel,39.89,684
"ROBBERY BRIGHT",Family,39.87,685
"SPINAL ROCKY",Family,39.87,685
"PAJAMA JAWBREAKER",Classics,39.86,687
"ILLUSION AMELIE",Foreign,39.85,688
"TOOTSIE PILOT",Children,39.85,688
"JOON NORTHWEST",Sports,39.83,690
"ENCOUNTERS CURTAIN",Drama,39.81,691
"CONGENIALITY QUEST",Sports,39.78,692
"OUTBREAK DIVINE",Games,39.77,693
"FEUD FROGMEN",Family,39.75,694
"STORY SIDE",Action,39.72,695
"TALENTED HOMICIDE",Sports,39.71,696
"ITALIAN AFRICAN",Travel,38.94,697
"BLOOD ARGONAUTS",Family,38.90,698
"WAGON JAWS",Documentary,38.90,698
"DRUMLINE CYCLONE",Travel,38.89,700
"MIGHTY LUCK",Documentary,38.88,701
"UPTOWN YOUNG",Children,38.88,701
"INDEPENDENCE HOTEL",Documentary,38.81,703
"PIANIST OUTFIELD",New,38.78,704
"WIND PHANTOM",Games,38.77,705
"CAPER MOTIONS",Comedy,38.76,706
"CURTAIN VIDEOTAPE",Games,38.74,707
"MOON BUNCH",Foreign,38.71,708
"GRACELAND DYNAMITE",Sports,37.94,709
"GODFATHER DIARY",New,37.92,710
"VERTIGO NORTHWEST",Comedy,37.92,710
"SNATCHERS MONTEZUMA",Classics,37.91,712
"ANTITRUST TOMATOES",Action,37.90,713
"ADAPTATION HOLES",Documentary,37.88,714
"HEDWIG ALTER",Comedy,37.88,714
"INTRIGUE WORST",Foreign,37.80,716
"SHOOTIST SUPERFLY",Drama,37.76,717
"GUN BONNIE",Games,37.75,718
"WESTWARD SEABISCUIT",Classics,37.74,719
"CONTROL ANTHEM",Comedy,36.93,720
"DOZEN LION",Documentary,36.93,720
"MULAN MOON",Comedy,36.87,722
"INSECTS STONE",Animation,36.81,723
"CHEAPER CLYDE",Sci-Fi,36.80,724
"VOLCANO TEXAS",Games,36.78,725
"ACADEMY DINOSAUR",Documentary,36.77,726
"PRIMARY GLASS",Action,36.73,727
"BUBBLE GROSSE",Sports,35.94,728
"FRONTIER CABIN",New,35.94,728
"SCHOOL JACKET",Foreign,35.94,728
"UNTOUCHABLES SUNRISE",Documentary,35.92,731
"GONE TROUBLE",Drama,35.90,732
"HALLOWEEN NUTS",Documentary,35.90,732
"DONNIE ALLEY",Animation,35.86,734
"LOVE SUICIDES",Horror,35.80,735
"ALAMO VIDEOTAPE",Foreign,35.76,736
"DOCTOR GRAIL",Children,34.93,737
"RESERVOIR ADAPTATION",Foreign,34.90,738
"MAGNOLIA FORRESTER",Action,34.89,739
"SONG HEDWIG",Music,34.89,739
"MOB DUFFEL",Drama,34.88,741
"RINGS HEARTBREAKERS",Action,34.85,742
"SUMMER SCARFACE",Classics,34.84,743
"WATCH TRACY",Animation,34.84,743
"TAXI KICK",Music,34.83,745
"LION UNCUT",Comedy,34.82,746
"BLADE POLISH",Drama,34.79,747
"CARRIE BUNCH",Horror,34.77,748
"EARTH VISION",New,34.77,748
"FEVER EMPIRE",Games,33.95,750
"DIVORCE SHINING",Sports,33.93,751
"MAGUIRE APACHE",Family,33.91,752
"SANTA PARIS",Children,33.89,753
"SPLASH GUMP",Family,33.86,754
"TRANSLATION SUMMER",Drama,33.85,755
"ROXANNE REBEL",Games,33.81,756
"VOICE PEACH",New,33.81,756
"AMADEUS HOLY",Action,33.79,758
"CHAINSAW UPTOWN",Sci-Fi,33.79,758
"TEQUILA PAST",Children,32.94,760
"BULWORTH COMMANDMENTS",Games,32.93,761
"MAKER GABLES",Children,32.90,762
"NATURAL STOCK",Family,32.87,763
"STAMPEDE DISTURBING",Games,32.86,764
"MOTIONS DETAILS",Horror,32.85,765
"BONNIE HOLOCAUST",Documentary,32.84,766
"FACTORY DRAGON",Travel,32.83,767
"REAR TRADING",Action,32.83,767
"MARS ROMAN",Games,32.81,769
"HIGHBALL POTTER",Foreign,32.79,770
"ALTER VICTORY",Animation,32.78,771
"CHILL LUCK",Drama,32.78,771
"CELEBRITY HORN",Action,32.76,773
"SHEPHERD MIDSUMMER",Children,32.75,774
"DESPERATE TRAINSPOTTING",Travel,31.94,775
"HAUNTED ANTITRUST",Travel,31.94,775
"DESTINATION JERK",Drama,31.92,777
"SAINTS BRIDE",Drama,31.92,777
"DWARFS ALTER",Games,31.91,779
"RANDOM GO",Sci-Fi,31.91,779
"DANCES NONE",Action,31.86,781
"SEVEN SWARM",Games,30.95,782
"APOCALYPSE FLAMINGOS",New,30.94,783
"JUMANJI BLADE",New,30.92,784
"DOLLS RAGE",Sci-Fi,30.91,785
"LUCK OPUS",Drama,30.90,786
"THEORY MERMAID",Animation,30.88,787
"SLIPPER FIDELITY",Sports,30.84,788
"EMPIRE MALKOVICH",Children,30.79,789
"DARES PLUTO",Animation,29.91,790
"WISDOM WORKER",Comedy,29.91,790
"OLEANDER CLUE",Music,29.90,792
"SIDE ARK",Action,29.88,793
"CLEOPATRA DEVIL",New,29.83,794
"LOUISIANA HARRY",Family,29.83,794
"ROOM ROMAN",Animation,29.80,796
"ROMAN PUNK",Music,29.76,797
"COWBOY DOOM",Foreign,28.93,798
"LUKE MUMMY",Animation,28.93,798
"PIZZA JUMANJI",Games,28.93,798
"CHITTY LOCK",Drama,28.92,801
"PAPI NECKLACE",Travel,28.92,801
"WON DARES",Music,28.91,803
"JEOPARDY ENCINO",Classics,28.90,804
"FINDING ANACONDA",Family,28.88,805
"SAVANNAH TOWN",Drama,28.88,805
"CHRISTMAS MOONSHINE",Children,28.79,807
"GREASE YOUTH",Family,28.79,807
"INFORMER DOUBLE",Foreign,27.95,809
"LEATHERNECKS DWARFS",Travel,27.93,810
"SQUAD FISH",Sports,27.93,810
"DIARY PANIC",Drama,27.91,812
"DRAGON SQUAD",Action,27.89,813
"MINORITY KISS",Music,27.89,813
"CANYON STOCK",Animation,27.81,815
"ENCINO ELF",Games,27.81,815
"BORROWERS BEDAZZLED",Animation,27.78,817
"PRIVATE DROP",Games,26.95,818
"PET HAUNTING",Foreign,26.92,819
"UNFAITHFUL KILL",Drama,26.92,819
"CRAZY HOME",Comedy,26.91,821
"EVOLUTION ALTER",Sports,26.88,822
"RESURRECTION SILVERADO",Family,26.79,823
"BUNCH MINDS",Drama,25.95,824
"DESIRE ALIEN",Animation,25.92,825
"NOTORIOUS REUNION",Documentary,25.86,826
"MOSQUITO ARMAGEDDON",Sports,25.85,827
"HOLOCAUST HIGHBALL",Children,25.83,828
"UNFORGIVEN ZOOLANDER",Sci-Fi,25.82,829
"MASKED BUBBLE",Music,25.80,830
"DECEIVER BETRAYED",Drama,25.79,831
"TRAIN BUNCH",Horror,24.96,832
"HUNTER ALTER",Documentary,24.95,833
"TRAFFIC HOBBIT",Travel,24.95,833
"BED HIGHBALL",Documentary,24.94,835
"WORLD LEATHERNECKS",Horror,24.92,836
"GATHERING CALENDAR",Games,24.89,837
"DRUMS DYNAMITE",Horror,24.87,838
"EVERYONE CRAFT",Foreign,24.87,838
"STREAK RIDGEMONT",Documentary,24.84,840
"POLISH BROOKLYN",Children,24.82,841
"PATIENT SISTER",Classics,24.81,842
"DRACULA CRYSTAL",Classics,24.79,843
"WOLVES DESIRE",Travel,24.79,843
"MANNEQUIN WORST",New,23.95,845
"CASSIDY WYOMING",Travel,23.94,846
"DUCK RACER",Animation,23.94,846
"LESSON CLEOPATRA",Sports,23.93,848
"CHAPLIN LICENSE",New,23.92,849
"CLYDE THEORY",New,23.92,849
"BIRDCAGE CASPER",Music,23.91,851
"REEF SALUTE",Horror,23.89,852
"WRATH MILE",Documentary,23.86,853
"ODDS BOOGIE",Family,23.85,854
"HOMEWARD CIDER",Documentary,23.84,855
"EXTRAORDINARY CONQUERER",Classics,22.94,856
"HAPPINESS UNITED",Foreign,22.94,856
"BANG KWAI",Family,22.93,858
"LICENSE WEEKEND",Sci-Fi,22.93,858
"NEWSIES STORY",Documentary,22.93,858
"SHINING ROSES",Travel,22.92,861
"ARABIA DOGMA",Horror,22.87,862
"HUNGER ROOF",Foreign,22.87,862
"VIETNAM SMOOCHY",Drama,22.85,864
"GANDHI KWAI",Family,22.83,865
"MUSIC BOONDOCK",Family,22.81,866
"KILLER INNOCENT",Family,21.94,867
"PHANTOM GLORY",New,21.94,867
"WARLOCK WEREWOLF",Children,21.94,867
"MENAGERIE RUSHMORE",Animation,21.93,870
"MULHOLLAND BEAST",Foreign,21.93,870
"CITIZEN SHREK",Sci-Fi,21.87,872
"MONTEREY LABYRINTH",Horror,21.87,872
"BULL SHAWSHANK",Action,21.84,874
"BRIDE INTRIGUE",Action,21.81,875
"JEDI BENEATH",Family,21.81,875
"IMPACT ALADDIN",Music,20.91,877
"SPOILERS HELLFIGHTERS",Documentary,20.90,878
"TENENBAUMS COMMAND",Drama,20.87,879
"KANE EXORCIST",Foreign,20.86,880
"CRAFT OUTFIELD",Drama,20.84,881
"MYSTIC TRUMAN",Comedy,19.90,882
"LANGUAGE COWBOY",Children,19.89,883
"SPIRITED CASUALTIES",Sci-Fi,19.89,883
"LOVERBOY ATTACKS",New,19.88,885
"SORORITY QUEEN",Foreign,19.88,885
"TOMATOES HELLFIGHTERS",Travel,19.86,887
"RUSHMORE MERMAID",Comedy,18.94,888
"SIMON NORTH",Horror,18.94,888
"HOLY TADPOLE",Classics,18.91,890
"ENDING CROWDS",New,18.89,891
"CROW GREASE",Action,18.88,892
"PRIDE ALAMO",Animation,18.84,893
"SMOKING BARBARELLA",Documentary,18.83,894
"LADYBUGS ARMAGEDDON",Games,17.94,895
"MAGIC MALLRATS",Children,17.93,896
"GILBERT PELICAN",Classics,17.91,897
"SUPERFLY TRIP",Travel,17.90,898
"ANONYMOUS HUMAN",Sports,17.87,899
"HOOK CHARIOTS",Animation,17.87,899
"SIEGE MADRE",Family,17.85,901
"BRAVEHEART HUMAN",Family,16.95,902
"CONSPIRACY SPIRIT",Classics,16.95,902
"FULL FLATLINERS",Children,16.95,902
"YOUTH KICK",Music,16.94,905
"BENEATH RUSH",Children,16.90,906
"FROGMEN BREAKING",Travel,16.90,906
"BEETHOVEN EXORCIST",Drama,16.89,908
"VALENTINE VANISHING",Travel,16.88,909
"BEDAZZLED MARRIED",Family,16.87,910
"SILENCE KANE",Music,16.84,911
"HARDLY ROBBERS",Documentary,15.96,912
"MIXED DOORS",Foreign,15.96,912
"MUSSOLINI SPOILERS",Sports,15.95,914
"WILD APOLLO",New,15.94,915
"HAWK CHILL",Documentary,15.93,916
"VISION TORQUE",Foreign,15.93,916
"JUNGLE CLOSER",New,15.91,918
"LAWRENCE LOVE",Action,15.87,919
"SASSY PACKER",Games,15.87,919
"GREEDY ROOTS",Drama,15.86,921
"SPIRIT FLINTSTONES",Horror,15.85,922
"GLORY TRACY",Games,14.95,923
"SLING LUKE",Classics,14.94,924
"VANISHED GARDEN",New,14.94,924
"RUNNER MADIGAN",Music,14.92,926
"ZHIVAGO CORE",Horror,14.91,927
"SMOOCHY CONTROL",Sports,14.88,928
"DUMBO LUST",Family,13.94,929
"WATERSHIP FRONTIER",Horror,13.94,929
"LEGEND JEDI",Music,13.91,931
"NOTTING SPEAKEASY",Drama,13.90,932
"HOLLYWOOD ANONYMOUS",Children,13.87,933
"TREATMENT JEKYLL",Drama,12.93,934
"RUNAWAY TENENBAUMS",New,12.92,935
"SOUP WISDOM",Family,12.92,935
"SUNSET RACER",Family,12.92,935
"VICTORY ACADEMY",Sports,12.91,938
"TOWERS HURRICANE",Classics,12.89,939
"MAUDE MOD",Foreign,11.92,940
"GHOSTBUSTERS ELF",Animation,11.91,941
"MONTEZUMA COMMAND",Action,11.91,941
"CLOCKWORK PARADISE",Children,11.90,943
"JAWBREAKER BROOKLYN",Music,11.90,943
"CONNECTION MICROCOSMOS",Comedy,10.93,945
"BALLROOM MOCKINGBIRD",Foreign,10.92,946
"COMANCHEROS ENEMY",Children,9.94,947
"HAROLD FRENCH",Drama,9.92,948
"LIGHTS DEER",Classics,9.92,948
"STALLION SUNDANCE",Sci-Fi,8.93,950
"JAPANESE RUN",Horror,7.94,951
"CRUELTY UNFORGIVEN",Classics,7.93,952
"REBEL AIRPORT",Music,7.92,953
"DUFFEL APOCALYPSE",Documentary,6.93,954
"YOUNG LANGUAGE",Documentary,6.93,954
"FREEDOM CLEOPATRA",Comedy,5.95,956
"OKLAHOMA JUMANJI",New,5.94,957
"TEXAS WATCH",Horror,5.94,957
"ALICE FANTASIA",Classics,NULL,959
"APOLLO TEEN",Drama,NULL,959
"ARGONAUTS TOWN",Animation,NULL,959
"ARK RIDGEMONT",Action,NULL,959
"ARSENIC INDEPENDENCE",Travel,NULL,959
"BOONDOCK BALLROOM",Travel,NULL,959
"BUTCH PANTHER",New,NULL,959
"CATCH AMISTAD",Foreign,NULL,959
"CHINATOWN GLADIATOR",New,NULL,959
"CHOCOLATE DUCK",Foreign,NULL,959
"COMMANDMENTS EXPRESS",Horror,NULL,959
"CROSSING DIVORCE",Foreign,NULL,959
"CROWDS TELEMARK",Sci-Fi,NULL,959
"CRYSTAL BREAKING",Foreign,NULL,959
"DAZED PUNK",Games,NULL,959
"DELIVERANCE MULHOLLAND",Documentary,NULL,959
"FIREHOUSE VIETNAM",Action,NULL,959
"FLOATS GARDEN",Animation,NULL,959
"FRANKENSTEIN STRANGER",Comedy,NULL,959
"GLADIATOR WESTWARD",Family,NULL,959
"GUMP DATE",Travel,NULL,959
"HATE HANDICAP",Comedy,NULL,959
"HOCUS FRIDA",Family,NULL,959
"KENTUCKIAN GIANT",Horror,NULL,959
"KILL BROTHERHOOD",Documentary,NULL,959
"MUPPET MILE",Foreign,NULL,959
"ORDER BETRAYED",Travel,NULL,959
"PEARL DESTINY",Foreign,NULL,959
"PERDITION FARGO",Sports,NULL,959
"PSYCHO SHRUNK",Games,NULL,959
"RAIDERS ANTITRUST",Documentary,NULL,959
"RAINBOW SHOCK",Documentary,NULL,959
"ROOF CHAMPION",Games,NULL,959
"SISTER FREDDY",Children,NULL,959
"SKY MIRACLE",Action,NULL,959
"SUICIDES SILENCE",Sci-Fi,NULL,959
"TADPOLE PARK",Classics,NULL,959
"TREASURE COMMAND",Horror,NULL,959
"VILLAIN DESPERATE",Documentary,NULL,959
"VOLUME HOUSE",Classics,NULL,959
"WAKE JAWS",New,NULL,959
"WALLS ARTIST",Children,NULL,959
